"year","apr"
"2019","89.7196261682243"
"2023","81.52173913043478"
